pr,identifiers,comment,vin
23331,e886087f430e7fe7|2023-06-16--23-06-36,"2019 Ford Focus, Zetec, Gasoline 1.0L, Manual",WF0NXXGCHNJR69712
31145,83a4e056c7072678/2023-11-13--16-51-33,2022 Ford Mustang Mach-E,3FMTK3SU0MMA25827
28792,2fcac3771f8c0ef5|2023-07-02--15-45-47,2022 Ford Explorer,1FMSK8DH0NGB42733
28744,a4218e6416dfd978|2023-06-29--07-09-59,"2021 Ford Escape, Titanium, Gasoline 2.0L, Automatic",1FMCU9J94MUA57671
28494,0b91b433b9332780|2023-06-05--14-02-57,2020 Lincoln Aviator,5LM5J7XC9LGL15606
28205,4458bd61cf193dab|2023-05-15--20-41-08--0,2020 Ford Explorer ST,1FM5K8GC7LGA15147
27781,bd37e43731e5964b|2023-04-01--15-13-06--0,2023 Ford Maverick Lariat Lux,3FTTW8E31PRA18806
27502,1493c38de09a381a|2023-03-05--21-10-07--0,2020 Ford Explorer Limited,1FMSK8FH6LGB17698
27382,6cffc47c251aa36c|2023-02-17--18-17-14,2020 Ford Explorer PHEV,1FMCU0EZ0NUB76728
27165,debd2ff7dc9ab358|2022-10-31--15-04-08--0,2021 F-150,1FTFW1ED6MFC11958
27095,f0709d2bc6ca451f|2022-12-10--12-36-59--0,2021 Lincoln Aviator,5LM5J7XC8MGL09541
27098,933ad9d04ac82693|2023-01-04--17-31-33--0,2022 Ford Maverick XLT,3FTTW8E39NRB00148
26251,8e1bab39e558e773|2022-09-16--02-38-57--0,2022 Explorer,1FM5K8GC7NGA85105
26251,f8eaaccd2a90aef8|2022-09-30--15-42-38--0,2021 Escape Titanium PHEV,1FMCU0LZXMUA80767
26251,"26b2cace68e36212|2022-10-05--18-55-54--0,2631ea836ece842e|2023-06-14--10-08-06",2020 Ford Escape,1FMCU9DZ9LUA82589
unknown,54827bf84c38b14f|2023-01-23--14-58-23--0,2022 Bronco Sport,3FMCR9B69NRD15990
unknown,62241b0c7fea4589|2022-10-25--13-40-05--0,2021 Bronco Sport,3FMCR9B61MRA17853
27093,a6427650bff6b419|2022-09-19--10-51-30,2022 Maverick,3FTTW8E36NRA74219
27093,c845bd8c366e6f3d|2022-12-03--18-57-00--0,2022 Maverick,3FTTW8F98NRA75889
,,2022 Ford Explorer XLT,1FMSK8DH1NGA52944
,,2021 Ford Explorer XLT,1FMSK8DH7MGC46036
,,2021 Ford Explorer XLT,1FMSK8DH9MGB42406
,,2022 Ford Explorer XLT,1FMSK8DH4NGA87686
,,2021 Ford Explorer XLT,1FMSK8DH8MGA39221
,,2022 Ford Explorer XLT,1FMSK8DH3NGA52377
,,2020 Ford Explorer XLT,1FMSK8DH1LGB19569
,,2022 Ford Explorer XLT,1FMSK8DH8NGA60359
,,2022 Ford Explorer XLT,1FMSK8DH7NGB18820
,,2020 Ford Explorer XLT,1FMSK8DH9LGB14815
,,2022 Ford Explorer XLT,1FMSK8DH6NGB18355
,,2022 Ford Explorer Limited,1FMSK8FH7NGA39693
,,2023 Ford Explorer Limited RWD,1FMSK7FHXPGA86567
,,2022 Ford Explorer XLT,1FMSK8DH0NGA71727
,,2020 Ford Explorer XLT,1FMSK8DH9LGC24909
,,2020 Ford Explorer XLT 4WD,1FMSK8DH9LGB63898
,,2022 Ford Explorer XLT,1FMSK8DH6NGB07064
,,2022 Ford Explorer XLT,1FMSK8DH9NGB20164
,,2022 Ford Explorer XLT,1FMSK8DH0NGA52109
,,2019 Ford Explorer XLT,1FM5K8D83KGA27066
,,2021 Ford Explorer Limited 4WD,1FMSK8FH9MGA85086
,,2020 Ford Explorer XLT,1FMSK8DH1LGB40518
,,2020 Ford Explorer XLT,1FMSK8DH1LGD04611
,,2020 Ford Explorer XLT,1FMSK8DHXLGB61691
,,2020 Ford Explorer XLT,1FMSK8DHXLGA77872
,,2020 Ford Explorer ST,1FM5K8GC0LGA77814
,,2021 Ford Explorer Limited,1FMSK8FH2MGB36895
,,2021 Ford Explorer Limited,1FMSK8FHXMGB54965
,,2021 Ford Explorer Limited,1FMSK8FH2MGB07817
,,2021 Ford Explorer Limited,1FMSK8FH8MGB37288
,,2020 Ford Explorer XLT,1FMSK8DH1LGC57192
,,2021 Ford Explorer Limited,1FMSK8FH5MGA88485
,,2021 Ford Explorer Limited,1FMSK8FH4MGB36719
,,2021 Ford Explorer Limited,1FMSK8FH5MGA96778
,,2020 Ford Explorer XLT,1FMSK7DH5LGA58222
,,2017 Ford Explorer XLT 4WD,1FM5K8D8XHGC96884
,,2020 Ford Explorer XLT,1FMSK8DH0LGB93145
,,2021 Ford Explorer,1FMSK8DH4MGA00576
,,2021 Ford Explorer XLT,1FMSK8DH5MGA98632
,,2020 Ford Explorer ST,1FM5K8GC3LGA05280
,,2017 Ford Explorer Sport,1FM5K8GT6HGD50410
,,2022 Ford Explorer XLT 4WD,1FMSK8DH0NGB42229
,,2022 Ford Explorer XLT,1FMSK8DH1NGA11262
,,2022 Ford Explorer XLT,1FMSK8DH5NGA17467
,,2015 Ford Escape SE,1FMCU0G73FUA22737
,,2019 Ford Escape S,1FMCU0F79KUB96940
,,2020 Ford Explorer Platinum,1FM5K8HC8LGA50682
,,2018 Ford EcoSport Titanium,MAJ6P1WL2JC248821
,,2020 Lincoln Corsair Reserve,5LMCJ2D92LUL04984
,,2018 Ford Expedition Platinum,1FMJU1MT6JEA50985
,,2021 Ford Ranger XLT,1FTER4FHXMLD17255
,,2020 Ford EcoSport SES,MAJ6S3JL3LC357289
,,2018 Ford Escape S,1FMCU0F78JUB98595
,,2020 Ford Fusion SE,3FA6P0HD6LR123003
,,2023 Ford Bronco Raptor ,1FMEE5JR7PLB71706
,,2023 Ford Bronco Sport Heritage,3FMCR9G69PRE11422
,,2020 Ford Edge SE,2FMPK3G94LBB30053
,,2020 Ford Edge ST,2FMPK4AP8LBB36404
,,2021 Ford Edge SE,2FMPK3G96MBA18596
,,2021 Ford Edge,2FMPK3J91MBA09619
,,2022 Ford Edge,2FMPK4J92NBA55466
,,2023 Ford Escape PHEV,1FMCU0E19PUA07935
,,2022 Ford Escape SE,1FMCU0G60NUB17360
,,2021 Ford Escape SEL,1FMCU0H69MUB31111
,,2021 Ford Escape SE,1FMCU0G6XMUA62270
,,2021 Ford Escape SE,1FMCU0G62MUA98969
,,2021 Ford Escape SE,1FMCU9G61MUA04004
,,2021 Ford Escape SE,1FMCU0G62MUA06596
,,2020 Ford Escape S,1FMCU0F67LUB95052
,,2020 Ford Escape SEL,1FMCU0H62LUA61563
,,2020 Ford Escape SE,1FMCU0G61LUB61669
,,2020 Ford Escape SEL,1FMCU0H69LUB45640
,,2020 Ford Escape SEL,1FMCU0H69LUA15048
,,2020 Ford F-150 XLT,1FTFW1E48LKD99260
,,2020 Ford F-150 King Ranch,1FTEW1E47LFA64205
,,2020 Ford EcoSport Titanium,MAJ6S3KL3LC322797
,,2020 Ford F-150 XL,1FTEW1EP9LFC55814
,,2019 Ford F-150 XLT,1FTEW1E56KKE12350
,,2020 Ford F-150 XLT,1FTEW1C52LKD26084
,,2018 Ford Escape S,1FMCU0F73JUC28280
,,2019 Lincoln Nautilus Reserve,2LMPJ8L97KBL46469
,,2018 Ford Fusion SE,3FA6P0HD9JR224016
,,2021 Ford EcoSport S,MAJ3S2FE4MC453215
,,2020 Ford EcoSport SES,MAJ6S3JLXLC313919
,,2024 Ford Escape Active,1FMCU0GN5RUA16327
,,2023 Ford Mustang Mach-E,3FMTK1R42PMA98678
,,2023 Ford Bronco Big Bend,1FMDE5CH7PLC10651
,,2023 Ford Bronco Outer Banks,1FMDE5DH4PLC18172
,,2023 Ford Bronco Wildtrak,1FMEE5DP9PLC10449
,,2023 Ford Escape Active,1FMCU9GN2PUB45529
,,2024 Ford Bronco Sport Big Bend,3FMCR9B66RRE00985
,,2024 Ford Bronco Sport Big Bend,3FMCR9B68RRE00793
,,2024 Ford Bronco Sport Big Bend,3FMCR9B61RRE06578
,,2024 Ford Bronco Sport Big Bend,3FMCR9B60RRE23873
,,2024 Ford Escape Active,1FMCU9GN4RUA09129
,,2024 Ford Escape Active,1FMCU9GN0RUA34917
,,2024 Ford Escape Active,1FMCU9GN0RUA15445
,,2023 Ford Escape ST-Line,1FMCU9MNXPUB32824
,,2024 Ford Bronco Sport Big Bend,3FMCR9B67RRE03801
,,2024 Ford Escape ST-Line,1FMCU0MZ0RUA15111
,,2024 Ford Bronco Sport Big Bend,3FMCR9B68RRE33941
,,2024 Ford Bronco Sport Big Bend,3FMCR9B65RRE23612
,,2024 Ford Escape ST-Line,1FMCU9MN0RUA09195
,,2024 Ford Bronco Sport Outer Banks,3FMCR9C69RRE36409
,,2024 Ford Edge SE,2FMPK4G98RBA13378
,,2024 Ford Edge SE,2FMPK4G9XRBA15357
,,2024 Ford Edge SE,2FMPK4G98RBA32268
,,2023 Ford Explorer XLT,1FMSK8DH3PGC06962
,,2023 Ford Explorer XLT,1FMSK8DH9PGC12636
,,2023 Ford Explorer XLT,1FMSK8DH8PGB91214
,,2023 Ford Bronco Big Bend,1FMDE5BHXPLC12699
,,2023 Ford Explorer XLT,1FMSK8DH5PGB64617
,,2024 Ford Explorer XLT,1FMSK8DH1RGA16998
,,2024 Ford Explorer XLT,1FMSK8DH5RGA20780
,,2024 Ford Explorer XLT,1FMSK8DH1RGA22753
,,2024 Ford Explorer XLT,1FMSK8DH3RGA16792
,,2024 Ford Mustang GT Premium,1FA6P8CF0R5404796
,,2023 Ford Mustang Mach-E Select,3FMTK1R43PMA89231
,,2023 Ford Bronco Blank Diamond,1FMEE5DH8PLC09205
,,2023 Ford Bronco BIG BEND,1FMDE5CH4PLC12714
,,2023 Ford Transit Cargo Van XL,1FTBR1C84PKC03199
,,2023 Ford F-150 XL,1FTEW1EP6PFB19176
,,2023 Ford F-150 XL,1FTEW1EP7PFB15895
,,2023 Ford Bronco Outer Banks,1FMDE5DH8PLC10270
,,2024 Ford Explorer Timberline,1FMSK8JH2RGA13385
,,2023 Ford Bronco Big Bend,1FMDE5DH4PLC10301
,,2023 Ford Bronco Outer Banks,1FMEE5DP1PLC18898
,,2023 Ford Bronco Badlands,1FMEE5DH0PLB22169
,,2023 Ford Explorer Limited,1FMSK8FHXPGB28502
,,2023 Ford Bronco Badlands,1FMEE5DH2PLC13699
,,2023 Ford Mustang Mach-E California Route 1,3FMTK2SU0PMA63377
,,2023 Ford Bronco Badlands,1FMEE5DH5PLC10683
,,2023 Ford Explorer ST,1FM5K8GC3PGB77377
,,2023 Ford Explorer ST,1FM5K8GC0PGA70822
,,2023 Ford Mustang Mach-E California Route 1,3FMTK2SU1PMA84819
,,2023 Ford F-150 XLT,1FTFW1E86PKF19811
,,2023 Ford F-150 XLT,1FTFW1E84PKF09004
,,2024 Ford Explorer ST,1FM5K8GC0RGA08730
,,2023 Ford F-150 XLT,1FTFW1ED6PFD09277
,,2024 Ford Explorer ST,1FM5K8GC1RGA11846
,,2023 Ford Mustang Mach-E GT AWD,3FMTK4SE3PMA37926
,,2023 Ford Mustang Mach-E GT,3FMTK4SE8PMA57654
,,2023 Ford Bronco Wildtrak,1FMEE5DP0PLB51114
,,2023 Ford F-150 XLT,1FTFW1E85PKF54629
,,2023 Ford Mustang Mach-E Premium,3FMTK3SU3PMA12641
,,2023 Ford F-150 XLT,1FTFW1E80PFC83505
,,2023 Ford F-150 Tremor,1FTEW1E80PFB04181
,,2023 Ford F-150 Lightning Lariat,1FTVW1EV3PWG28138
,,2023 Ford F-150 Lightning Lariat,1FTVW1EV1PWG61316
,,2019 Ford EcoSport Titanium,MAJ3S2KE8KC274954
,,2019 Ford Fusion Hybrid SE,3FA6P0LU8KR241754
,,2021 Ford EcoSport SE,MAJ3S2GE0MC446356
,,2020 Ford EcoSport Titanium,MAJ6S3KL3LC353189
,,2020 Ford Fusion SE,3FA6P0HD4LR264457
,,2020 Ford Edge SEL,2FMPK4J95LBB29105
,,2021 Ford Explorer Limited,1FMSK8FH2MGA85284
,,2021 Ford Explorer Limited,1FMSK8FH9MGB51992
,,2021 Ford Explorer Limited,1FMSK8FH0MGA85767
,,2020 Ford Explorer XLT,1FMSK8DH3LGC88556
,,2022 Ford Explorer XLT,1FMSK8DH0NGA59240
,,2021 Ford Explorer Limited,1FMSK7FH7MGB83916
,,2022 Ford Explorer XLT,1FMSK8DH9NGA52707
,,2022 Ford Explorer XLT,1FMSK8DH6NGA39736
,,2021 Ford Explorer XLT,1FMSK8DH2MGA20826
,,2021 Ford Ranger XLT,1FTER4FH3MLD96509
,,2021 Ford F-150 XLT,1FTEW1EP0MKD31896
,,2020 Ford Escape SE,1FMCU0G6XLUA70318
,,2023 Ford Maverick XLT,3FTTW8F94PRA94264
,,2023 Ford Maverick,3FTTW8F92PRA08417
,,2022 Ford Maverick XLT,3FTTW8E33NRB01151
,,2022 Ford Maverick XL,3FTTW8E95NRA41751
,,2022 Ford Maverick Lariat,3FTTW8E3XNRA20244
,,2022 Ford Maverick XL,3FTTW8F92NRA94227
,,2022 Ford Maverick Lariat,3FTTW8E37NRA91806
,,2022 Ford Maverick XLT,3FTTW8F90NRA00197
,,2023 Ford Maverick XLT,3FTTW8F98PRA55709
,,2023 Ford Maverick XL,3FTTW8F98PRA81176
,,2022 Ford Maverick Lariat,3FTTW8F97NRA00360
,,2023 Ford Maverick XLT,3FTTW8F94PRA82812
,,2022 Ford Maverick,3FTTW8E36NRA65794
,,2023 Ford Maverick Lariat,3FTTW8F97PRA65714
,,2023 Ford Maverick XLT,3FTTW8E31PRA38232
,,2022 Ford Maverick XLT,3FTTW8F90NRA00121
,,2022 Ford Maverick XLT,3FTTW8E31NRA42133
,,2023 Ford Maverick XLT,3FTTW8F97PRA09272
,,2023 Ford Maverick XLT,3FTTW8E38PRA45436
,,2022 Ford Maverick Lariat,3FTTW8E97NRB04719
,,2022 Ford Maverick Lariat,3FTTW8E39NRA45300
,,2023 Ford Maverick Lariat,3FTTW8F98PRA63972
,,2022 Ford Maverick Lariat,3FTTW8E31NRA95110
,,2022 Ford Maverick XLT,3FTTW8F93NRA02543
,,2022 Ford Maverick Lariat,3FTTW8E94NRA97695
,,2022 Ford Maverick XLT,3FTTW8E91NRA78182
,,2022 Ford Maverick XLT,3FTTW8E32NRA84844
,,2022 Ford Maverick XLT,3FTTW8E9XNRA52812
,,2023 Ford Maverick Lariat,3FTTW8F99PRA43570
,,2023 Ford Maverick Lariat,3FTTW8F93PRA27235
,,2022 Ford Maverick XLT,3FTTW8F92NRB05162
,,2023 Ford Maverick XL,3FTTW8F95PRA38382
,,2022 Ford Maverick Lariat,3FTTW8F94NRA24325
,,2022 Ford Escape SEL,1FMCU9H67NUB79650
,,2022 Ford F-350 Super Duty XL,1FT8W3DN7NED08169
,,2021 Ford F-150 Lariat,1FTEW1EP1MKE35667
,,2021 Ford EcoSport SES,MAJ6S3JLXMC441854
,,2022 Ford EcoSport SE,MAJ6S3GL4NC458027
,,2021 Ford Bronco Big Bend,1FMDE5BH9MLA74827
,,2020 Ford EcoSport SE,MAJ6S3GL0LC331448
,,2020 Ford Escape SEL,1FMCU0H63LUC53588
,,2022 Ford E-Transit Cargo Van 350,1FTBW9CK3NKA12972
,,2021 Ford EcoSport Titanium,MAJ6S3KL4MC400540
,,2020 Ford F-150 XLT,1FTEW1EP2LKD89457
,,2021 Ford Mustang GT Premium,1FATP8FF5M5135749
,,2020 Ford Ranger XLT,1FTER4FH8LLA17941
,,2020 Ford Escape SEL,1FMCU0H68LUA25750
,,2020 Ford F-150 XLT,1FTFW1E89MKD06315
,,2022 Ford F-150 XLT,1FTFW1E86NFA63301
,,2021 Ford F-150 Lariat,1FTEW1EP9MFC86935
,,2022 Ford F-150 XLT,1FTEW1EP1NFA25123
,,2021 Ford F-150 XL,1FTEX1CP4MKE83034
,,2022 Ford Bronco Outer Banks,1FMDE5BH4NLB89630
,,2021 Ford Mustang GT Premium,1FA6P8CF2M5150131
,,2019 Ford Focus,WF0PXXGCHPKY65983
,,2018 Ford Focus,1FADP3F24JL324114
,,2023 Ford Explorer Platinum,1FM5K8HC5PGB71921
skip,,2019 Ford Focus,WF0KXXGCBKBC56448
,,2019 Ford Focus,WF0NXXGCHNKD75963
,,2019 Ford Focus,WF0PXXGCHPKJ33593
,,2017 Ford Kuga,WF0AXXWPMAHG57855
,,2018 Ford Fiesta,WF0JXXGAHJJG51994
,,2017 Ford Kuga,WF0AXXWPMAHK58407
,,2017 Ford Grand Tourneo Connect,WF0UXXWPGUHB65609
,,2019 Ford Focus,WF0PXXGCHPKC34929
,,2018 Ford Mondeo,WF0EXXWPCEJU40306
,,2018 Ford Focus,1FADP3K27JL315560
,,2017 Ford Focus,1FADP3FE0HL274042
,,2018 Ford Focus,1FADP3FE3JL208140
,,2017 Ford Focus,1FADP3F2XHL312740
,,2018 Ford Focus,1FADP3FE5JL286404
,,2017 Ford Focus,1FADP3F20HL212162
,,2018 Ford Focus,1FADP3H28JL309242
,,2017 Ford Focus,1FADP3M28HL276064
,,2017 Ford Focus,1FADP3F2XHL251518
,,2018 Ford Focus,1FADP3M23JL260117
,,2017 Ford Focus,1FADP3K29HL236210
,,2018 Ford Focus,1FADP3L99JL297770
,,2017 Ford Focus,1FADP3M2XHL223494
,,2017 Ford Focus,1FADP3E20HL262285
,,2017 Ford Focus,1FADP3H29HL266556
,,2018 Ford Focus,1FADP3K26JL222772
,,2017 Ford Focus,1FADP3F27HL230805
,,2017 Ford Focus,1FADP3H23HL214937
,,2018 Ford Focus,1FADP3K22JL217911
,,2018 Ford Focus,1FADP3J21JL232191
,,2018 Ford Focus,1FADP3J29JL279579
,,2017 Ford Focus,1FADP3F2XHL204490
,,2018 Ford Focus,1FADP3F25JL310738
,,2023 Ford Mustang Mach-E,3FMTK4SX5PMA19641
,,2022 Ford Mustang Mach-E,3FMTK3SS1NMA58514
,,2021 Ford Mustang Mach-E,3FMTK3SU9MMA03647
,,2023 Ford Mustang Mach-E,3FMTK1RM2PMA01544
,,2018 Ford Focus,1FADP3F23JL320684
,,2018 Ford Focus,1FADP3K22JL250391
,,2018 Ford Focus,1FADP3K22JL273556
,,2018 Ford Focus,1FADP3K24JL208787
,,2018 Ford Focus,1FADP3FE3JL248928
,,2018 Ford Focus,1FADP3K28JL264120
,,2018 Ford Focus,1FADP3L92JL320399
,,2018 Ford Focus,1FADP3FE3JL261324
,,2018 Ford Focus,1FADP3K23JL250240
,,2018 Ford Focus,1FADP3E29JL303938
,,2018 Ford Focus,1FADP3F27JL214805
,,2018 Ford Focus,1FADP3K2XJL215503
,,2018 Ford Focus,1FADP3M28JL291766
,,2018 Ford Focus,1FADP3H28JL277568
,,2018 Ford Focus,1FADP3H29JL265364
,,2018 Ford Focus,1FADP3FE2JL234793
,,2018 Ford Focus,1FADP3J28JL251773
,,2018 Ford Focus,1FADP3F23JL292627
,,2018 Ford Focus,1FADP3M20JL301528
,,2018 Ford Focus,1FADP3F28JL291392
,,2018 Ford Focus,1FADP3K23JL316267
,,2019 Ford Fiesta,3FADP4AJ2KM122439
,,2017 Ford Fiesta,3FADP4BJ2HM146313
,,2018 Ford Fiesta,3FADP4EJ3JM127187
skip,,2017 Ford Fiesta,3FADP4GX4HM122883
,,2017 Ford Fiesta,3FADP4GX3HM134314
,,2017 Ford Fiesta,3FADP4BJ6HM155838
,,2019 Ford Fiesta,3FADP4BJ0KM122793
,,2018 Ford Fiesta,3FADP4AJ9JM134974
,,2017 Ford Fiesta,3FADP4AJ3HM165230
,,2017 Ford Fiesta,3FADP4BJ3HM145266
,,2019 Ford Fiesta,3FADP4EJ5KM161438
,,2018 Ford Fiesta,3FADP4EJ8JM112829
,,2017 Ford Fiesta,3FADP4EJ2HM167688
,,2019 Ford Fiesta,3FADP4EJ1KM137590
,,2019 Ford Fiesta,3FADP4EJ9KM133531
,,2017 Ford Fiesta,3FADP4EJ2HM164466
,,2018 Ford Fiesta,3FADP4BJ6JM147650
,,2018 Ford Fiesta,3FADP4BJ5JM129589
,,2019 Ford Fiesta,3FADP4EJXKM109612
,,2019 Ford Fiesta,3FADP4EJ4KM143142
,,2018 Ford Fiesta,3FADP4EJ1JM127379
,,2019 Ford Fiesta,3FADP4BJ4KM143890
,,2019 Ford Fiesta,3FADP4BJ7KM147416
,,2019 Ford Fiesta,3FADP4BJ8KM114540
,,2019 Ford Fiesta,3FADP4BJ1KM157309
,,2019 Ford Fiesta,3FADP4BJ2KM145086
,,2019 Ford Fiesta,3FADP4BJ0KM157432
,,2019 Ford Fiesta,3FADP4AJXKM154264
,,2019 Ford Fiesta,3FADP4BJ2KM128160
,,2020 Ford Fiesta ST,WF0FXXGAHFLB43489
,,2021 Ford Fiesta Vignale,WF0JXXGAHJLS81457
,,2021 Ford Puma ST-Line,WF02XXERK2MJ55769
,,2022 Ford Transit Custom,WF0YXXTTGYNU34472
,,2023 Ford Focus Titanium,WF0NXXGCHNPE78530
,,2020 Ford Puma ST-Line,WF02XXERK2LB45990
,,2019 Ford Fiesta ST,WF0FXXGAHFKK85602
,,2019 Ford Focus Active,WF0PXXGCHPKE24610
,,2023 Ford Fiesta ST,WF0JXXGAHJPL69043
,,2022 Ford Fiesta Titanium,WF0JXXGAHJNB72092
,,2019 Ford Focus,WF0PXXGCHPKL30918
,,2020 Ford Fiesta Active,WF0JXXGAHJKE44928
,,2019 Ford Fiesta ST,WF0FXXGAHFKK02829
,,2020 Ford Fiesta Trend,WF0JXXGAHJLA83822
,,2019 Ford Fiesta ST,WF0JXXGAHJKY15163
,,2019 Ford Fiesta Vignale,WF0JXXGAHJKY19368
,,2020 Ford Fiesta ST,WF0FXXGAHFLR58008
,,2020 Ford Edge SE,2FMPK3G93LBA30641
,,2019 Ford Fiesta ST,WF0JXXGAHJKE59273
,,2021 Ford Galaxy Titanium,WF0KXXWPCKMM78407
,,2019 Ford Fiesta ST,WF0JXXGAHJKY03870
,,2019 Ford Fiesta Titanium,WF0JXXGAHJKT44246
,,2019 Ford Mondeo Titanium,WF0FXXWPCFKD68012
,,2020 Ford Fiesta ST,WF0FXXGAHFKU04915
,,2019 Ford Ecosport S,WF01XXERK1KS56417
,,2021 Ford Puma ST,WF02XXERK2MD10984
,,2023 Ford Puma ST-Line,WF02XXERK2PC55110
,,2019 Ford Fiesta Zetec,WF0JXXGAHJKC79086
,,2021 Ford Puma ST,WF02XXERK2LY08920
,,2021 Ford Fiesta Active,WF0JXXGAHJMP53295
,,2020 Ford Focus Titanium,WF0NXXGCHNLC81625
,,2019 Ford Kuga Titanium,WF0AXXWPMAKD66381
,,2019 Ford Kuga Titanium,WF0AXXWPMAKK30748
,,2019 Ford Ecosport Titanium,WF01XXERK1KJ74444
,,2019 Ford Ecosport Zetec,WF01XXERK1KY45646
,,2020 Ford Focus Active,WF0NXXGCHNKP87040
,,2019 Ford Fiesta Titanium,WF0JXXGAHJKJ49837
,,2019 Ford Fiesta ST,WF0JXXGAHJKJ69593
,,2021 Ford Mustang Mach-E,WF0TR1R71MMA35735
,,2019 Ford Fiesta ST,WF0FXXGAHFKJ59602
,,2022 Ford Puma ST-Line,WF02XXERK2NP76811
,,2019 Ford Ecosport Titanium,WF01XXERK1KY44216
,,2019 Ford Fiesta Zetec,WF0JXXGAHJKC64997
,,2020 Ford Fiesta Active,WF0JXXGAHJKD28140
,,2019 Ford Kuga ST-Line,WF0AXXWPMAKD53099
,,2019 Ford Focus ST-Line,WF0NXXGCHNKE18373
,,2019 Ford Fiesta Active,WF0JXXGAHJKY06013
,,2023 Ford Fiesta Titanium,WF0JXXGAHJPE39842
,,2019 Ford Focus ST,WF0NXXGCHNKU46425
,,2018 Ford Edge SE,2FMPK4G92JBB31009
,,2018 Ford Edge SE,2FMPK3G90JBB51530
,,2018 Ford Edge SE,2FMPK3G94JBB10463
,,2023 Ford Edge SE,2FMPK4G93PBA39903
,,2021 Ford Edge SE,2FMPK3G92MBA12276
,,2022 Ford Edge SE,2FMPK4G9XNBA97732
,,2022 Ford Edge SE,2FMPK4G99NBA70988
,,2020 Ford Edge SE,2FMPK3G98LBB09268
,,2019 Ford Edge SE,2FMPK3G95KBB68227
,,2020 Ford Edge SE,2FMPK4G94LBA09996
,,2022 Ford Edge SE,2FMPK4G91NBA17878
,,2018 Ford Edge SE,2FMPK4G94JBB96010
,,2021 Ford Edge SE,2FMPK3G90MBA65137
,,2021 Ford Edge SE,2FMPK4G92MBA20044
,,2018 Ford Edge SE,2FMPK3G97JBB59141
,,2022 Ford Edge SE,2FMPK4G91NBB17768
,,2020 Ford Edge SE,2FMPK4G90LBA42770
,,2021 Ford Edge SE,2FMPK3G9XMBA15085
,,2019 Ford Edge SE,2FMPK3G99KBC24038
,,2023 Ford Edge SE,2FMPK4G92PBA17200
,,2018 Ford Edge SE,2FMPK3G93JBB36097
,,2019 Ford Edge SE,2FMPK4G97KBB13204
,,2018 Ford Edge SE,2FMPK3G91JBC58005
,,2019 Ford Edge SE,2FMPK3G96KBB67135
,,2019 Ford Edge SE,2FMPK4G90KBB77293
,,2019 Ford Edge SE,2FMPK3G90KBB57264
,,2019 Ford Edge SE,2FMPK4G95KBB57203
,,2019 Ford Edge SE,2FMPK4G91KBB89677
,,2018 Ford Edge SE,2FMPK3G97JBB85495
,,2020 Ford Edge SE,2FMPK3G99LBA91346
,,2023 Ford Edge SE,2FMPK4G93PBA04679
,,2019 Ford Edge SE,2FMPK4G93KBB89695
,,2020 Ford Edge SE,2FMPK4G96LBB46289
,,2021 Ford Edge SE,2FMPK3G95MBA64808
,,2020 Ford Edge SE,2FMPK4G93LBB16683
,,2022 Ford Edge SE,2FMPK4G92NBA99880
,,2020 Ford Edge SE,2FMPK3G95LBA34013
,,2019 Ford Edge SEL,2FMPK4J96KBC26585
,,2020 Ford Edge SEL,2FMPK3J93LBA57833
,,2021 Ford Edge SEL,2FMPK3J94MBA58782
,,2022 Ford Edge SEL,2FMPK4J98NBA96961
,,2019 Ford Edge SEL,2FMPK3J92KBC62056
,,2018 Ford Edge SEL,2FMPK4J84JBB21386
,,2018 Ford Edge SEL,2FMPK4J94JBC02798
,,2018 Ford Edge SEL,2FMPK4J98JBB90963
,,2020 Ford Edge SEL,2FMPK4J92LBB65429
,,2020 Ford Edge SEL,2FMPK4J91LBA64530
,,2020 Ford Edge SEL,2FMPK4J93LBB15560
,,2020 Ford Edge SEL,2FMPK4J95LBA45947
,,2020 Ford Edge SEL,2FMPK4J97LBB29154
,,2022 Ford Edge SEL,2FMPK4J96NBA33504
,,2020 Ford Edge SEL,2FMPK3J90LBB39616
,,2022 Ford Edge SEL,2FMPK4J97NBA93842
,,2022 Ford Edge SEL,2FMPK4J99NBB04856
,,2023 Ford Edge SEL,2FMPK4J93PBA36153
,,2022 Ford Edge SEL,2FMPK4J99NBB12522
,,2019 Ford Edge SEL,2FMPK4J94KBC16203
,,2020 Ford Edge SEL,2FMPK3J94LBB04772
,,2021 Ford Edge SEL,2FMPK4J92MBA55871
,,2020 Ford Edge SEL,2FMPK3J95LBB09852
,,2022 Ford Edge SEL,2FMPK4J90NBB04017
,,2020 Ford Edge SEL,2FMPK4J95LBA34897
,,2020 Ford Edge SEL,2FMPK3J97LBA17030
,,2022 Ford Edge SEL,2FMPK4J9XNBA20075
,,2020 Ford Edge SEL,2FMPK3J99LBA17613
,,2022 Ford Edge SEL,2FMPK4J90NBA73139
,,2022 Ford Edge SEL,2FMPK4J94NBA89201
,,2022 Ford Edge SEL,2FMPK4J91NBA43986
,,2022 Ford Edge SEL,2FMPK4J93NBA62720
,,2021 Ford Edge SEL,2FMPK4J9XMBA03677
,,2022 Ford Edge SEL,2FMPK4J98NBA17479
,,2022 Ford Edge SEL,2FMPK4J90NBA09781
,,2023 Ford Edge SEL,2FMPK4J93PBA06358
,,2022 Ford Edge SEL,2FMPK4J92NBA13931
,,2023 Ford Edge SEL,2FMPK4J96PBA50936
,,2024 Ford Edge SEL,2FMPK4J98RBA49144
,,2023 Ford Edge SEL,2FMPK4J98PBA29117
,,2024 Ford Edge SEL,2FMPK4J9XRBA24293
,,2020 Ford Edge ST,2FMPK4AP9LBA95281
,,2020 Ford Edge ST,2FMPK4AP7LBB43828
,,2019 Ford Edge ST,2FMPK4APXKBB68012
,,2021 Ford Edge ST,2FMPK4APXMBA18405
,,2019 Ford Edge ST,2FMPK4AP4KBC07919
,,2020 Ford Edge ST,2FMPK4AP0LBB40530
,,2019 Ford Edge ST,2FMPK4AP4KBC47921
,,2019 Ford Edge ST,2FMPK4AP4KBB95626
,,2023 Ford Edge ST,2FMPK4AP8PBA14051
,,2020 Ford Edge ST,2FMPK4AP7LBA50209
,,2019 Ford Edge ST,2FMPK4AP5KBB33068
,,2019 Ford Edge ST,2FMPK4AP3KBB20366
,,2021 Ford Edge ST,2FMPK4AP9MBA53291
,,2020 Ford Edge ST,2FMPK4AP4LBA66691
,,2022 Ford Edge ST,2FMPK4AP0NBA76041
,,2021 Ford Edge ST,2FMPK4APXMBA34099
,,2020 Ford Edge ST,2FMPK4AP1LBA08991
,,2022 Ford Edge ST,2FMPK4AP2NBA56244
,,2021 Ford Edge ST,2FMPK4AP6MBA25013
,,2020 Ford Edge ST-Line,2FMPK3J97LBB35840
,,2021 Ford Edge ST-Line,2FMPK4J90MBA28426
,,2021 Ford Edge ST-Line,2FMPK4J97MBA42887
,,2021 Ford Edge ST-Line,2FMPK3J94MBA42968
,,2019 Ford Edge Titanium,2FMPK4K96KBC63716
,,2019 Ford Edge Titanium,2FMPK4K9XKBB53929
,,2019 Ford Edge Titanium,2FMPK3K93KBC61626
,,2023 Ford Edge Titanium,2FMPK4K97PBA52905
,,2021 Ford Edge Titanium,2FMPK4K96MBA39185
,,2022 Ford Edge Titanium,2FMPK4K96NBA91823
,,2024 Ford Edge Titanium,2FMPK4K90RBA48780
,,2019 Ford Edge Titanium,2FMPK4K99KBB31985
,,2022 Ford Edge Titanium,2FMPK4K99NBA01404
,,2020 Ford Edge Titanium,2FMPK4K96LBB38300
,,2022 Ford Edge Titanium,2FMPK4K92NBB06186
,,2020 Ford Edge Titanium,2FMPK3K98LBA16001
,,2020 Ford Edge Titanium,2FMPK4K94LBA72510
,,2019 Ford Edge Titanium,2FMPK4K96KBB89312
,,2022 Ford Edge Titanium,2FMPK4K90NBA38602
,,2024 Ford Edge Titanium,2FMPK4K98RBA51359
,,2019 Ford Edge Titanium,2FMPK4K92KBB94345
,,2024 Ford Edge Titanium,2FMPK4K97RBA27053
,,2020 Ford Edge Titanium,2FMPK3K98LBA26740
,,2019 Ford Edge Titanium,2FMPK4K99KBB03085
,,2020 Ford Edge Titanium,2FMPK3K92LBB43293
,,2019 Ford Edge Titanium,2FMPK3K9XKBB55240
,,2023 Ford Edge Titanium,2FMPK4K93PBA19478
,,2019 Ford Edge Titanium,2FMPK4K90KBC23051
,,2022 Ford Edge Titanium,2FMPK4K99NBB03902
,,2020 Ford Edge Titanium,2FMPK3K92LBB45741
,,2022 Ford Edge Titanium,2FMPK4K96NBA59373
,,2023 Ford Edge Titanium,2FMPK4K98PBA48409
,,2020 Ford Edge Titanium,2FMPK3K9XLBA72117
,,2020 Ford Edge Titanium,2FMPK3K97LBA56117
,,2020 Ford Edge Titanium,2FMPK3K97LBB55410
,,2020 Ford Edge Titanium,2FMPK4K98LBA00192
,,2022 Ford Edge Titanium,2FMPK4K94NBA16585
,,2022 Ford Edge Titanium,2FMPK4K97NBA39682
,,2021 Ford Edge Titanium,2FMPK4K94MBA27133
,,2020 Ford Edge Titanium,2FMPK3K95LBB20798
,,2020 Ford Edge Titanium,2FMPK3K93LBB57865
,,2019 Ford Edge Titanium,2FMPK3K93KBC16086
,,2023 Ford Edge Titanium,2FMPK4K9XPBA14665
,,2022 Ford Edge Titanium,2FMPK4K97NBB03722
,,2020 Ford Edge Titanium,2FMPK3K97LBB38073
,,2019 Ford Edge Titanium,2FMPK4K93KBB73536
,,2020 Ford Edge Titanium,2FMPK3K96LBA30642
,,2019 Ford Edge Titanium,2FMPK4K91KBB42771
,,2021 Ford Edge Titanium,2FMPK4K92MBA63662
,,2022 Ford Edge Titanium,2FMPK4K98NBA15939
,,2019 Ford Edge Titanium,2FMPK3K99KBB00245
,,2019 Ford Edge Titanium,2FMPK3K92KBB21177
,,2019 Ford Edge Titanium,2FMPK3K97KBC64366
,,2022 Ford Edge Titanium,2FMPK4K99NBA69976
,,2022 Ford Edge Titanium,2FMPK4K9XNBB07179
,,2019 Ford Edge Titanium,2FMPK3K99KBB62857
,,2019 Ford Edge Titanium,2FMPK4K93KBC59431
,,2022 Ford Edge Titanium,2FMPK4K94NBA49831
,,2019 Ford Edge Titanium,2FMPK4K90KBB44303
,,2022 Ford Edge Titanium,2FMPK4K98NBA25709
,,2019 Ford Edge Titanium,2FMPK3K99KBB19362
,,2021 Ford Edge Titanium,2FMPK3K91MBA39041
,,2020 Ford Edge Titanium,2FMPK4K91LBA75008
,,2019 Ford Edge Titanium,2FMPK3K92KBB62831
,,2021 Ford Expedition Platinum,1FMJU1MT0MEA56799
,,2022 Ford Expedition Platinum,1FMJU1MT2NEA47426
,,2022 Ford Expedition Limited,1FMJU2AT8NEA10763
,,2021 Ford Expedition Limited,1FMJU2AT0MEA24428
,,2023 Ford Expedition Limited,1FMJU2AG9PEA05223
,,2023 Ford Expedition Limited,1FMJU2A85PEA50927
,,2022 Ford Expedition Limited,1FMJU1KT4NEA18237
,,2021 Ford Expedition Limited,1FMJU1KT5MEA72158
,,2022 Ford Expedition Limited,1FMJU2AT0NEA16654
,,2022 Ford Expedition Limited,1FMJU2AT2NEA67475
,,2022 Ford Expedition Limited,1FMJU2AT3NEA48174
,,2022 Ford Expedition Limited,1FMJU1KT0NEA44463
,,2021 Ford Expedition Limited,1FMJU2AT4MEA43516
,,2021 Ford Expedition Limited,1FMJU2AT9MEA07773
,,2021 Ford Expedition Limited,1FMJU1KT4MEA68800
,,2023 Ford Expedition King Ranch,1FMJU1P84PEA31061
,,2022 Ford Expedition Max Limited,1FMJK2AT3NEA53493
,,2022 Ford Expedition Max Limited,1FMJK1KT9NEA29806
,,2023 Ford Expedition Max Limited,1FMJK2A86PEA54796
,,2021 Ford Expedition Max Limited,1FMJK2AT3MEA26650
,,2021 Ford Expedition Max Limited,1FMJK2AT5MEA18422
,,2022 Ford Expedition Max Limited,1FMJK2AT1NEA27118
,,2021 Ford Expedition Max Limited,1FMJK1KTXMEA09739
,,2021 Ford Expedition Max Limited,1FMJK2AT9MEA56364
,,2021 Ford Expedition Max Limited,1FMJK2AT7MEA37862
,,2023 Ford Expedition Max Limited,1FMJK2A8XPEA38715
,,2021 Ford Expedition Max Limited,1FMJK2AT2MEA38093
,,2023 Ford Expedition Max Limited,1FMJK2A83PEA41830
,,2021 Ford Expedition Max Limited,1FMJK2AT4MEA54389
,,2023 Ford Expedition Max Limited,1FMJK2A80PEA04329
,,2021 Ford Expedition Max Limited,1FMJK2AT6MEA71940
,,2022 Ford Expedition Max Limited,1FMJK2ATXNEA27022
,,2021 Ford Expedition Max Platinum,1FMJK1MT7MEA12496
,,2019 Ford Expedition Max Platinum,1FMJK1MT2KEA59660
,,2019 Ford Expedition Max Limited,1FMJK1KT9KEA20020
,,2019 Ford Expedition Max Limited,1FMJK1KT0KEA19791
,,2020 Ford Expedition Max Limited,1FMJK1KT1LEA99684
,,2019 Ford Expedition Max Limited,1FMJK2AT8KEA24664
,,2020 Ford Expedition Max Limited,1FMJK2AT2LEA40683
,,2019 Ford Expedition Max Limited,1FMJK1KTXKEA86799
,,2020 Ford Expedition Max Limited,1FMJK2AT7LEA99518
,,2019 Ford Expedition Max Limited,1FMJK2AT4KEA52445
,,2019 Ford Expedition Max Limited,1FMJK1KT2KEA38276
,,2020 Ford Expedition Max Limited,1FMJK1KT9LEA10895
,,2019 Ford Expedition Max Limited,1FMJK1KTXKEA17773
,,2020 Ford Expedition Limited,1FMJU1KT4LEB00563
,,2019 Ford Expedition Limited,1FMJU2AT6KEA29274
,,2019 Ford Expedition Limited,1FMJU1KT2KEA61888
,,2020 Ford Expedition Limited,1FMJU2AT0LEA25027
,,2020 Ford Expedition Limited,1FMJU1KT7LEA76078
,,2020 Ford Expedition Platinum,1FMJU1MT6LEA31789
,,2020 Ford Expedition Platinum,1FMJU1LT3LEA95144
,,2019 Ford Expedition Platinum,1FMJU1MTXKEA82257
,,2019 Ford Expedition Platinum,1FMJU1MT1KEA33528
,,2023 Ford Escape,1FMCU0E17PUA03169
,,2023 Ford Escape,1FMCU0E14PUA25114
,,2023 Ford Escape,1FMCU9FN1PUA54818
,,2023 Ford Escape Active,1FMCU9GN8PUA10183
,,2023 Ford Escape Active,1FMCU9GN9PUA52779
,,2023 Ford Escape Active,1FMCU9GN0PUA15054
,,2023 Ford Escape Active,1FMCU0GN9PUA37680
,,2023 Ford Escape Active,1FMCU9GNXPUA05535
,,2023 Ford Escape Active,1FMCU9GN0PUB40166
,,2023 Ford Escape Active,1FMCU0GN2PUA73923
,,2023 Ford Escape Active,1FMCU9GN3PUA82926
,,2023 Ford Escape Active,1FMCU9GN3PUB40761
,,2023 Ford Escape Active,1FMCU0GN9PUA53345
,,2023 Ford Escape Active,1FMCU9GN2PUA44118
,,2023 Ford Escape Active,1FMCU0GN9PUA78374
,,2023 Ford Escape Active,1FMCU0GN8PUA45267
,,2023 Ford Escape Active,1FMCU9GN1PUA45034
,,2023 Ford Escape Active,1FMCU9GN7PUA70231
,,2023 Ford Escape Active,1FMCU9GN7PUA68897
,,2023 Ford Escape Active,1FMCU0GN6PUA03177
,,2020 Ford Escape S,1FMCU9F61LUC42791
,,2022 Ford Escape S,1FMCU0F68NUA08467
,,2020 Ford Escape S,1FMCU9F69LUA52995
,,2019 Ford Escape S,1FMCU0F79KUA39702
,,2020 Ford Escape S,1FMCU0F63LUC27883
,,2019 Ford Escape S,1FMCU0F76KUB32189
,,2021 Ford Escape S,1FMCU0F60MUA18604
,,2019 Ford Escape S,1FMCU0F77KUA05466
,,2019 Ford Escape S,1FMCU0F71KUB58439
,,2019 Ford Escape S,1FMCU0F79KUB77692
,,2019 Ford Escape S,1FMCU0F7XKUA17739
,,2019 Ford Escape S,1FMCU0F70KUC03502
,,2020 Ford Escape S,1FMCU0F61LUB98769
,,2022 Ford Escape S,1FMCU0F65NUB07618
,,2020 Ford Escape S,1FMCU0F66LUA22493
,,2020 Ford Escape S,1FMCU0F66LUB90196
,,2022 Ford Escape S,1FMCU0F60NUA05031
,,2021 Ford Escape S,1FMCU0F62MUA33220
,,2020 Ford Escape S,1FMCU0F6XLUA46361
,,2021 Ford Escape S,1FMCU0F66MUA48965
,,2022 Ford Escape S,1FMCU0F68NUA83203
,,2019 Ford Escape S,1FMCU0F70KUC20350
,,2020 Ford Escape S,1FMCU0F68LUC41553
,,2022 Ford Escape S,1FMCU0F60NUB50876
,,2022 Ford Escape S,1FMCU0F67NUB19737
,,2021 Ford Escape S,1FMCU0F67MUA27879
,,2020 Ford Escape S,1FMCU0F64LUA35758
,,2020 Ford Escape S,1FMCU0F64LUB68388
,,2022 Ford Escape S,1FMCU0F6XNUA81694
,,2020 Ford Escape S,1FMCU9F61LUB45056
,,2021 Ford Escape S,1FMCU9F63MUA69700
,,2020 Ford Escape S,1FMCU0F65LUA33078
,,2020 Ford Escape S,1FMCU0F67LUB60561
,,2019 Ford Escape SE,1FMCU9GD6KUB24876
,,2022 Ford Escape SE,1FMCU0G66NUB16620
,,2020 Ford Escape SE,1FMCU0G65LUB56457
,,2021 Ford Escape SE,1FMCU0G66MUA95878
,,2020 Ford Escape SE,1FMCU9G65LUA56430
,,2019 Ford Escape SE,1FMCU0GD8KUA96395
,,2019 Ford Escape SE,1FMCU9GD3KUB14662
,,2019 Ford Escape SE,1FMCU0GD5KUA33156
,,2019 Ford Escape SE,1FMCU0GD7KUB10139
,,2019 Ford Escape SE,1FMCU0GD3KUA07008
,,2020 Ford Escape SE,1FMCU9G66LUB81940
,,2020 Ford Escape SE,1FMCU9G67LUC74823
,,2020 Ford Escape SE,1FMCU9G64LUA83697
,,2020 Ford Escape SE,1FMCU9G6XLUA20636
,,2022 Ford Escape SE,1FMCU0G69NUB24887
,,2020 Ford Escape SE,1FMCU9G67LUA03907
,,2021 Ford Escape SE,1FMCU0G68MUA67452
,,2019 Ford Escape SE,1FMCU0GD6KUB31113
,,2020 Ford Escape SE,1FMCU9G64LUB55501
,,2020 Ford Escape SE,1FMCU9G66LUC04231
,,2021 Ford Escape SE,1FMCU0G66MUB08239
,,2022 Ford Escape SE,1FMCU9G66NUB18386
,,2021 Ford Escape SE,1FMCU0G65MUB08376
,,2022 Ford Escape SE,1FMCU9G65NUA88572
,,2020 Ford Escape SE,1FMCU0G65LUB57012
,,2020 Ford Escape SE,1FMCU9G60LUA73765
,,2020 Ford Escape SE,1FMCU0G61LUA61863
,,2022 Ford Escape SE,1FMCU9G6XNUA60685
,,2020 Ford Escape SE,1FMCU9G63LUC28339
,,2020 Ford Escape SE,1FMCU0G6XLUA63532
,,2020 Ford Escape SE,1FMCU9G60LUC08520
,,2022 Ford Escape SE,1FMCU0G61NUB21501
,,2022 Ford Escape SE,1FMCU9G69NUA34630
,,2020 Ford Escape SE,1FMCU0G65LUA46430
,,2020 Ford Escape SE,1FMCU9G66LUB28803
,,2020 Ford Escape SE,1FMCU9G67LUC69573
,,2022 Ford Escape SE,1FMCU0G69NUB99038
,,2021 Ford Escape SE,1FMCU9G63MUA17689
,,2022 Ford Escape SE,1FMCU9G64NUB66775
,,2020 Ford Escape SE,1FMCU0G68LUA21859
,,2020 Ford Escape SE,1FMCU9G6XLUC71799
,,2022 Ford Escape SE,1FMCU9G65NUC01744
,,2022 Ford Escape SE,1FMCU9G6XNUA21692
,,2020 Ford Escape SE,1FMCU9G6XLUA21317
,,2020 Ford Escape SE,1FMCU9G63LUA50531
,,2022 Ford Escape SE,1FMCU0G65NUB29438
,,2022 Ford Escape SE,1FMCU9G67NUA05269
,,2020 Ford Escape SE,1FMCU9G61LUB76984
,,2022 Ford Escape SE,1FMCU0BZ1NUA61558
,,2022 Ford Escape SE,1FMCU0G6XNUA23115
,,2022 Ford Escape SE Hybrid,1FMCU9BZXNUA20088
,,2022 Ford Escape SE Hybrid,1FMCU9BZ5NUA19110
,,2022 Ford Escape SE Hybrid,1FMCU9BZ0NUA42584
,,2022 Ford Escape SE Hybrid,1FMCU9BZ6NUA19553
,,2022 Ford Escape SE Hybrid,1FMCU9BZ7NUA18962
,,2022 Ford Escape SE Hybrid,1FMCU9BZ7NUA19688
,,2021 Ford Escape SE Hybrid,1FMCU0BZ8MUA26921
,,2021 Ford Escape SE Hybrid,1FMCU0BZ3MUB15568
,,2021 Ford Escape SE Hybrid,1FMCU9BZ0MUA67743
,,2021 Ford Escape SE Hybrid,1FMCU0BZ9MUA39421
,,2021 Ford Escape SE Hybrid,1FMCU9BZ5MUA16125
,,2020 Ford Escape SE Sport,1FMCU9BZ8LUC57952
,,2020 Ford Escape SE Sport,1FMCU9BZ5LUC15531
,,2020 Ford Escape SE Sport,1FMCU0BZ6LUA82970
,,2020 Ford Escape SE Sport,1FMCU0BZ1LUC12881
,,2020 Ford Escape SE Sport Hybrid,1FMCU0BZ1LUB13316
,,2020 Ford Escape SE Sport Hybrid,1FMCU9BZ9LUB48447
,,2020 Ford Escape SE Sport Hybrid,1FMCU0BZ1LUB66078
,,2020 Ford Escape SEL,1FMCU0H60LUB10243
,,2021 Ford Escape SEL,1FMCU0H6XMUA30062
,,2020 Ford Escape SEL,1FMCU0H60LUC68078
,,2019 Ford Escape SEL,1FMCU9HD4KUB83004
,,2021 Ford Escape SEL,1FMCU0H67MUA02249
,,2020 Ford Escape SEL,1FMCU0H67LUA24220
,,2021 Ford Escape SEL,1FMCU0H62MUB17809
,,2021 Ford Escape SEL,1FMCU9H94MUB07541
,,2019 Ford Escape SEL,1FMCU0HD6KUC25569
,,2021 Ford Escape SEL,1FMCU0H60MUA59425
,,2019 Ford Escape SEL,1FMCU0HD7KUA97701
,,2019 Ford Escape SEL,1FMCU9HD3KUA16052
,,2019 Ford Escape SEL,1FMCU0HD2KUA50592
,,2020 Ford Escape SEL,1FMCU9H65LUC43648
,,2020 Ford Escape SEL,1FMCU0H67LUC14325
,,2019 Ford Escape SEL,1FMCU9HD8KUA79373
,,2022 Ford Escape SEL,1FMCU9H60NUA95251
,,2021 Ford Escape SEL,1FMCU9H65MUA36744
,,2020 Ford Escape SEL,1FMCU9H68LUB79704
,,2022 Ford Escape SEL,1FMCU9H68NUB24320
,,2020 Ford Escape SEL,1FMCU9H61LUA44144
,,2022 Ford Escape SEL,1FMCU9H96NUB37223
,,2020 Ford Escape SEL,1FMCU9H99LUA89116
,,2019 Ford Escape SEL,1FMCU0HD4KUC30978
,,2020 Ford Escape SEL,1FMCU9H68LUA12954
,,2021 Ford Escape SEL,1FMCU0H67MUA82670
,,2020 Ford Escape SEL,1FMCU9H63LUA71670
,,2022 Ford Escape SEL,1FMCU9H65NUA15359
,,2019 Ford Escape SEL,1FMCU9HDXKUC15096
,,2019 Ford Escape SEL,1FMCU9HD0KUA68187
,,2019 Ford Escape SEL,1FMCU9HDXKUC31993
,,2020 Ford Escape SEL,1FMCU9H68LUC14497
,,2020 Ford Escape SEL,1FMCU0H6XLUC36867
,,2020 Ford Escape SEL,1FMCU9H91LUA39732
,,2022 Ford Escape SEL,1FMCU9H91NUB11578
,,2022 Ford Escape SEL,1FMCU0H64NUB84378
,,2021 Ford Escape SEL,1FMCU9H98MUB36167
,,2020 Ford Escape SEL,1FMCU0H61LUC32030
,,2021 Ford Escape SEL,1FMCU9H62MUB08824
,,2020 Ford Escape SEL,1FMCU9H91LUC01441
,,2022 Ford Escape SEL,1FMCU9H93NUA05276
,,2022 Ford Escape SEL,1FMCU0KZXNUA92551
,,2021 Ford Escape SEL,1FMCU0CZ4MUB03587
,,2020 Ford Escape SEL,1FMCU9H63LUC38478
,,2020 Ford Escape SEL,1FMCU9H99LUB94772
,,2021 Ford Escape SEL,1FMCU9H65MUA07437
,,2020 Ford Escape SEL,1FMCU9H91LUA95847
,,2021 Ford Escape SEL,1FMCU9H98MUA10312
,,2020 Ford Escape SEL,1FMCU9H61LUB97381
,,2022 Ford Escape SEL,1FMCU9H98NUB97875
,,2021 Ford Escape SEL,1FMCU9H68MUB09671
,,2020 Ford Escape SEL,1FMCU0H62LUB07697
,,2022 Ford Escape SEL,1FMCU9H62NUB61699
,,2022 Ford Escape SEL,1FMCU0KZ7NUB04526
,,2020 Ford Escape SEL,1FMCU9H65LUB53609
,,2021 Ford Escape SEL,1FMCU9H92MUA04909
,,2020 Ford Escape SEL,1FMCU0H68LUA81185
,,2020 Ford Escape SEL,1FMCU0H68LUA71157
,,2021 Ford Escape SEL Hybrid,1FMCU9CZ2MUA83361
,,2021 Ford Escape SEL Hybrid,1FMCU9CZ5MUA84133
,,2021 Ford Escape SEL Hybrid,1FMCU9CZ4MUA83636
,,2021 Ford Escape SEL Hybrid,1FMCU9CZ7MUA83632
,,2022 Ford Escape SEL Hybrid,1FMCU0CZXNUB47238
,,2021 Ford Escape SEL Hybrid,1FMCU9CZXMUA82796
,,2021 Ford Escape SEL Hybrid,1FMCU9CZ1MUA54126
,,2021 Ford Escape SEL Hybrid,1FMCU9CZ3MUA83675
,,2021 Ford Escape SEL Hybrid,1FMCU9CZ4MUA83667
,,2021 Ford Escape SEL Hybrid,1FMCU9CZ3MUA83725
,,2021 Ford Escape SEL Hybrid,1FMCU9CZ5MUA82804
,,2021 Ford Escape SEL Hybrid,1FMCU0CZ7MUA53171
,,2021 Ford Escape SEL Hybrid,1FMCU9CZ0MUA82550
,,2021 Ford Escape SEL Hybrid,1FMCU9CZ0MUA83360
,,2021 Ford Escape SEL Hybrid,1FMCU9CZ4MUA82566
,,2022 Ford Escape SEL Hybrid,1FMCU9CZ4NUB44579
,,2023 Ford Escape ST Line,1FMCU0MN6PUB11075
,,2023 Ford Escape ST Line,1FMCU0MN4PUA27630
,,2023 Ford Escape ST Line,1FMCU9MN0PUA24907
,,2023 Ford Escape ST Line Plus,1FMCU9NA7PUA66339
,,2023 Ford Escape ST Line Premium,1FMCU9PA9PUA55615
,,2023 Ford Escape ST Line Premium,1FMCU9PA3PUA12422
,,2023 Ford Escape ST Line,1FMCU9MN1PUA63456
,,2023 Ford Escape ST Line,1FMCU0MN4PUB22236
,,2023 Ford Escape ST Line,1FMCU0MN5PUA09329
,,2023 Ford Escape ST Line,1FMCU9MN5PUA10081
,,2019 Ford Escape Titanium,1FMCU9J90KUB71339
,,2021 Ford Escape Titanium,1FMCU9DZ5MUB04928
,,2022 Ford Escape Titanium,1FMCU9J9XNUA98601
,,2020 Ford Escape Titanium,1FMCU9J97LUB17375
,,2021 Ford Escape Titanium,1FMCU9J95MUA84877
,,2020 Ford Escape Titanium,1FMCU9J93LUA76940
,,2021 Ford Escape Titanium,1FMCU9DZ3MUA04312
,,2020 Ford Escape Titanium,1FMCU9J97LUB24956
,,2022 Ford Escape Titanium,1FMCU9J93NUB70335
,,2021 Ford Escape Titanium,1FMCU9DZ5MUB19820
,,2022 Ford Escape Titanium,1FMCU9J94NUB36467
,,2022 Ford Escape Titanium,1FMCU9J95NUB86200
,,2021 Ford Escape Titanium,1FMCU0DZ5MUA27022
,,2022 Ford Escape Titanium,1FMCU9DZ8LUB37033
,,2020 Ford Escape Titanium,1FMCU9J96LUA81162
,,2020 Ford Escape Titanium Hybrid,1FMCU9DZ9LUA38978
,,2020 Ford Escape Titanium Hybrid,1FMCU9DZ6LUA12208
,,2020 Ford Escape Titanium Hybrid,1FMCU0DZXLUB85001
,,2020 Ford Escape Titanium Hybrid,1FMCU0DZ9LUA38118
,,2022 Ford Escape Titanium Hybrid,1FMCU9DZ5NUA92717
,,2020 Ford Escape Titanium Hybrid,1FMCU0DZ0LUA12197
,,2020 Ford Escape Titanium Hybrid,1FMCU0DZ0LUC22279
,,2022 Lincoln Aviator,5LM5J6WC1NGL16313
,,2020 Lincoln Aviator,5LM5J6XC4LGL07567
,,2020 Lincoln Aviator,5LM5J6WC7LGL33162
,,2020 Lincoln Aviator,5LM5J6WCXLGL09762
,,2022 Lincoln Aviator,5LM5J6XC5NGL20637
,,2021 Lincoln Aviator,5LM5J6WCXMGL06197
,,2020 Lincoln Aviator,5LM5J6WC3LGL07559
,,2022 Lincoln Aviator,5LM5J6WCXNGL00286
,,2022 Lincoln Aviator,5LM5J0XC1NGL03489
,,2020 Lincoln Aviator,5LM5J6XC0LGL24950
,,2020 Lincoln Aviator,5LM5J6WC2LGL09769
,,2020 Lincoln Aviator Grand Touring,5LMYJ8XY1LGL19583
,,2022 Lincoln Aviator Grand Touring,5LMYJ8XY5NNL00369
,,2020 Lincoln Aviator Grand Touring,5LMYJ8XY5LGL31249
,,2021 Lincoln Aviator Reserve,5LM5J7XC6MGL10901
,,2022 Lincoln Aviator Reserve,5LM5J7WC3NGL05061
,,2022 Lincoln Aviator Reserve,5LM5J7XC8NGL11226
,,2021 Lincoln Aviator Reserve,5LM5J7XC0MGL09193
,,2021 Lincoln Aviator Reserve,5LM5J7XC8MGL10205
,,2020 Lincoln Aviator Reserve,5LM5J7WC4LGL19371
,,2020 Lincoln Aviator Reserve,5LM5J7WC5LGL21128
,,2020 Lincoln Aviator Reserve,5LM5J7WC9LGL18006
,,2023 Lincoln Aviator Reserve,5LM5J7XC1PGL09059
,,2021 Lincoln Aviator Reserve,5LM5J7XC5MGL14695
,,2020 Lincoln Aviator Reserve,5LM5J7XC9LGL21048
,,2020 Lincoln Aviator Reserve,5LM5J7WC8LGL37825
,,2023 Lincoln Aviator Reserve,5LM5J7WC1PGL11430
,,2020 Lincoln Aviator Reserve,5LM5J7WC6LGL37662
,,2023 Lincoln Aviator Reserve,5LM5J7WC4PGL08666
,,2020 Lincoln Aviator Standard,5LM5J6XC4LGL11716
,,2020 Lincoln Aviator Standard,5LM5J6XC6LGL25889
,,2023 Lincoln Aviator Standard,5LM5J6XC1PGL13543
,,2020 Lincoln Aviator Standard,5LM5J6XC0LGL11714
,,2022 Lincoln Aviator Standard,5LM5J6XCXNGL02036
,,2020 Lincoln Corsair,5LMCJ1C90LUL17440
,,2021 Lincoln Corsair,5LMCJ1C95MUL26653
,,2020 Lincoln Corsair,5LMCJ1C97LUL11439
,,2021 Lincoln Corsair,5LMCJ1C95MUL01395
,,2021 Lincoln Corsair,5LMCJ1C93MUL10144
,,2022 Lincoln Corsair,5LMCJ1D94NUL04076
,,2020 Lincoln Corsair,5LMCJ1D90LUL29070
,,2020 Lincoln Corsair,5LMCJ1D9XLUL24376
,,2022 Lincoln Corsair,5LMCJ1C93NUL24935
,,2020 Lincoln Corsair,5LMCJ1C96LUL16129
,,2022 Lincoln Corsair,5LMCJ1C94NUL20358
,,2023 Lincoln Corsair,5LMCJ1DA4PUL10800
